<?xml version="1.0" encoding="UTF-8" standalone="yes"?>
<addon id="repository.notoco.trash" name="Notoco Trash Repo" version="1.1" provider-name="notoco">
        <extension point="xbmc.addon.repository" name="Notoco Trash Repo">
            <dir minversion="18.9.0">
                <info>https://github.com/notoco/notoco-trash/raw/main/addons.xml</info>
                <checksum>https://github.com/notoco/notoco-trash/raw/main/addons.xml.md5</checksum>
                <datadir zip="true">https://github.com/notoco/notoco-trash/raw/main/zip</datadir>
            </dir>
        </extension>
        <extension point="xbmc.addon.metadata">
            <summary>Notoco Trash Repo</summary>
            <description>Prywatne repozytorium notoco - wersja trash</description>
            <platform>all</platform>
            <assets>
                <icon>icon.png</icon>
            </assets>
        </extension>
    </addon>
